keys,en
SITE_NEEDS_CONSTRUCTOR,"Needs a constructor ({0}%)\nselect one, right-click here"
SITE_CONSTRUCTOR_ON_THE_WAY,Constructor on the way ({0}%)
SITE_BUILDING,Building {0}%
SITE_WAITING_FOR_MATERIALS,Waiting for materials ({0}%)\nhaulers bring them from the depot
AUTO_EXPAND_ON,Auto-expand: ON
AUTO_EXPAND_OFF,Auto-expand: OFF
AUTO_EXPAND_TOOLTIP,"Auto-expand (G): the constructor finds work on its own and keeps going. It builds extractors on the best free deposits near your command centers, power plants when power runs short, pylons to wire far extractors, and paves long supply routes. It pays from your bank (never below the reserve you set on the left), runs home from enemies and stops for your own orders until they are done."
AUTO_EXPAND_OFF_HINT,Turn on to let this constructor expand your economy by itself. It spends from your bank.
AUTO_EXPAND_MORE,+{0} more constructors on auto-expand
AUTO_EXPAND_TITLE,Auto-expand: {0} of {1} constructors
AUTO_EXPAND_NONE,"No constructor on auto-expand. Select one and press Auto-expand, or turn it on for all below."
AUTO_EXPAND_SPENT,Spent so far: {0}
AUTO_EXPAND_RESERVE,Keep in bank:
AUTO_EXPAND_RESERVE_TOOLTIP,"Auto-expand never spends a commodity below this amount, so you always have something left for units and trade."
AUTO_EXPAND_ALL_ON,All on
AUTO_EXPAND_ALL_OFF,All off
AUTO_STATUS_LOOKING,Looking for work...
AUTO_STATUS_PAUSED,"Following your order, resumes after it"
AUTO_STATUS_RESUMING,Back to building the {0}
AUTO_STATUS_HELPING,Finishing an abandoned {0} site
AUTO_STATUS_WAITING_FOR_HAULERS,Waiting: haulers have to bring materials to the open sites first
AUTO_STATUS_SAVING,Saving up for {0}: needs {1} more (keeping {2} in the bank)
AUTO_STATUS_NOTHING_TO_DO,Nothing safe left to build near your command centers
AUTO_STATUS_PAVED,Paved the longest supply route
AUTO_STATUS_FLEEING,Enemies close: running back to the command center
AUTO_REASON_POWER,Building a power plant: the grid is short of power
AUTO_REASON_PYLON,Building a pylon to wire an extractor to the grid
AUTO_REASON_EXTRACTOR,"Building an extractor on {0}, {1} m away"
TIMBER_TOOLTIP,"From woods, with a lumber mill. Used for most buildings and roads; your city eats a little."
IRON_TOOLTIP,"From iron ore, with a mine. The main building and vehicle material."
COPPER_TOOLTIP,"From copper ore, with a mine. Needed for power plants, pylons and advanced units."
OIL_TOOLTIP,"From oil fields, with an oil derrick. Fuel: power plants burn it, haulers need it to drive."
RESOURCE_TOOLTIP_GENERIC,Extracted next to its deposits and hauled home along supply lines.
EXTRACTOR_PLACEMENT_HINT,Place it right next to a matching deposit (or just hover the deposit with a constructor selected).
STRUCTURE_BUILD_HINT,You pay when you place it. A constructor has to drive there and stay at the site until it is built.
GUIDE_TITLE,Tutorial {0}/{1}: {2}
GUIDE_TITLE_DONE,Tutorial complete
GUIDE_DONE,You know the basics. Press F1 or Help any time for the manual. Fold this panel with Hide.
GUIDE_HELP_BUTTON,Help (F1)
GUIDE_HELP_TOOLTIP,Open the manual: every system explained
GUIDE_MORE,Explain more
GUIDE_SKIP,Skip step
GUIDE_SKIP_TOOLTIP,Move on to the next step
GUIDE_HIDE,Hide
GUIDE_SHOW,Show
GUIDE_STEP_SELECT_CONSTRUCTOR_TITLE,Select a constructor
GUIDE_STEP_SELECT_CONSTRUCTOR,Your constructors (the yellow bulldozers) build everything. Left-click one to select it; its build menu opens bottom right.
GUIDE_STEP_BUILD_EXTRACTOR_TITLE,Lay out an extractor
GUIDE_STEP_BUILD_EXTRACTOR,"With the constructor selected, move the mouse over a deposit (woods, iron or copper ore, an oil field). The right extractor appears next to it: click to place it. You pay right away. Or press Auto-expand and let the constructor choose."
GUIDE_STEP_FINISH_EXTRACTOR_TITLE,Let the constructor build it
GUIDE_STEP_FINISH_EXTRACTOR,"Nothing builds itself: the constructor drives to the site and must stay there until it is done. The label above the site says what it waits for. If the constructor wandered off, select it and right-click the site."
GUIDE_STEP_DELIVERY_TITLE,Get goods home
GUIDE_STEP_DELIVERY,Haulers drive what extractors dig up back to your command center along a supply line (drawn on the ground). Goods count only once they arrive. Losing haulers to raiders loses their cargo.
GUIDE_STEP_POWER_TITLE,Build power
GUIDE_STEP_POWER,Extractors and factories slow down without power. The top bar shows supply/demand in MW. Build a power plant (it burns a little oil); pylons carry the grid out to far extractors.
GUIDE_STEP_AUTO_EXPAND_TITLE,Let constructors expand for you
GUIDE_STEP_AUTO_EXPAND,"Select a constructor and press Auto-expand (G). It keeps building extractors, power and roads on its own and spends from your bank. The panel on the left shows what each one is doing and how much to keep in reserve."
GUIDE_STEP_TIER_TITLE,Grow the city to Industrial
GUIDE_STEP_TIER,"Deliveries feed your city (panel on the right). A fed, powered city grows and earns science; at 150 science it reaches Industrial (tier 2), which unlocks T2 buildings, units and paved roads."
GUIDE_STEP_TRADE_TITLE,Trade with a faction
GUIDE_STEP_TRADE,"In the City panel, pick a faction, choose what to give and get, and propose. The verdict (good, fair, bad) is judged at your own prices. Trade grows your city faster than digging alone."
GUIDE_STEP_ARMY_TITLE,Build an army
GUIDE_STEP_ARMY,Build a vehicle factory and produce tanks. Park some near far extractors and supply lines: raiders go for haulers first.
HINT_SITE_OUTSIDE_YARD,"This site is outside the yard around your command center, so haulers must carry its materials there first, and a constructor must drive out to build it."
HINT_SITE_NEEDS_CONSTRUCTOR,Sites are built only while a constructor stands at them. The label above the site tells you what it waits for.
HINT_BLACKOUT,"Power shortage: demand is above supply, so extractors and factories run slowly. Build a power plant, or let an auto-expanding constructor do it."
HINT_TIER_REACHED,Your city reached {0}! New buildings and units are unlocked (the T badges in the build menus).
HINT_NOT_ENOUGH_FOR_CONSTRUCTION,Not enough materials for that building. Hover a build button to see its cost; the top bar shows your stock.
HINT_NOT_ENOUGH_FOR_PRODUCTION,Not enough materials for that unit. Hover its button to see the cost.
HINT_AIRCRAFT_CRASHED,A drone ran out of fuel and crashed. Fixed-wing aircraft must land at an airport to refuel: keep one near where they fly.
HINT_CARGO_DESTROYED,"A hauler was destroyed and its cargo lost. Escort haulers (select tanks, right-click a hauler) or guard the route."
HELP_TITLE,Manual
HELP_CLOSE,Close (Esc)
HELP_BASICS_TITLE,Basics and controls
HELP_BASICS_BODY,"You run a frontier city. You do not place houses: the city builds itself when goods reach it. Your job is the economy around it (extractors, supply lines, power), trade, and the army that protects it.\n\n[b]Mouse:[/b] left-click selects, drag selects many, right-click orders (move, attack, build, escort). Double-click selects all units of a kind on screen. Right-drag draws a line for the selected units; Shift queues orders. Army orders (fight, patrol, guard...) are under [b]Unit orders[/b].\n[b]Camera:[/b] W A S D move, the mouse wheel zooms, Q and E rotate.\n[b]Groups:[/b] Ctrl+number saves a selection, the number recalls it.\n[b]Building:[/b] R rotates a blueprint, right-click cancels it.\n[b]Help:[/b] F1 opens this manual."
HELP_CONSTRUCTORS_TITLE,Constructors and building
HELP_CONSTRUCTORS_BODY,"Constructors build every structure. Select one to open its build menu; hover a button to see what the building does, its cost and its tier.\n\nPlacing a building pays for it at once and lays out a site. [b]The site only grows while a constructor stands next to it[/b]: the constructor that placed it drives there on its own. If you send it elsewhere, the site waits; select a constructor and right-click the site to resume. The label above every site says what it waits for.\n\nExtractors (lumber mill, mine, oil derrick) must touch a matching deposit. With a constructor selected, hovering a deposit picks the right extractor for you.\n\nTo cancel a site, select it and press the X button bottom right: you get back the materials not yet on the road."
HELP_AUTO_EXPAND_TITLE,Auto-expand
HELP_AUTO_EXPAND_BODY,"Select one or more constructors and press [b]Auto-expand[/b] (bottom right, next to the build menu) (or press G). They then work on their own, in this order:\n1. run home when enemies come close,\n2. finish any site nobody is working on,\n3. build a power plant when the grid is short,\n4. build pylons to wire far extractors,\n5. build an extractor on the best free deposit: the commodity you have the fewest extractors and the smallest stock of, close to a command center,\n6. pave the longest supply route (from Industrial on).\nThey also order a hauler when extractors outnumber haulers two to one.\n\n[b]It spends your bank.[/b] The panel on the left shows every auto constructor, what it is doing and what it has spent. [b]Keep in bank[/b] sets how much of each commodity it must leave you. It skips deposits more than 45 m from a command center unless your armed units guard them, and skips spots with enemies nearby.\n\nGiving an auto constructor an order pauses it until the order is done. Turn it off with the same button or All off."
HELP_RESOURCES_TITLE,Resources
HELP_RESOURCES_BODY,"Four commodities, shown in the top-left bar (hover them):\n[b]Timber[/b]: woods, lumber mill. Buildings and roads.\n[b]Iron[/b]: iron ore, mine. Buildings and vehicles.\n[b]Copper[/b]: copper ore, mine. Power, pylons, advanced units.\n[b]Oil[/b]: oil field, oil derrick. Fuel for power plants and haulers.\n\nDeposits run dry over time; their look shows how much is left. Part of every delivery goes to the city warehouse to feed citizens, the rest to your bank."
HELP_SUPPLY_LINES_TITLE,Supply lines and haulers
HELP_SUPPLY_LINES_BODY,"Extractors fill a small output buffer (the gauge above them shows it). [b]Trucks[/b] (haulers) drive the goods to the closest command center (the depot) along a supply line drawn on the ground; goods count only when they arrive. A full extractor [b]stops[/b] until a truck comes, so keep enough trucks, or a storage next to it.

Trucks also carry building materials out to sites. Sites inside the [b]yard[/b] (about 9 m around a command center) get materials straight away; sites further out wait for a truck, so far expansion is slower and needs more trucks.

Trucks are run automatically by the job board (see Delivery jobs). Right-click an extractor or storage with a truck selected to dedicate it to that route; right-click the command center to return it to automatic work. Raiders target trucks: lost cargo is gone, and the raider keeps part of it."
HELP_ROADS_TITLE,Roads
HELP_ROADS_BODY,"Every supply route starts as a dirt track. Select an extractor and use its Road button to upgrade its route: paved road (x1.4 hauler speed, needs Industrial) and railway (x2, needs Electric). Cost grows with the length of the route. Auto-expanding constructors pave the longest dirt routes when you can afford it."
HELP_POWER_TITLE,Power
HELP_POWER_BODY,"The top bar shows power supply / demand in MW. Extractors, factories and the city draw power; without enough, extraction drops to a fraction, factories slow down and the city earns less science.\n\nCommand centers make a little power. [b]Power plants[/b] make much more but burn oil. Each power building has a grid radius; structures inside it are connected, and [b]pylons[/b] extend the grid to far extractors (two grid nodes connect when their circles overlap). The blueprint warns you when a spot is off the grid."
HELP_CITY_TIERS_TITLE,City and tiers
HELP_CITY_TIERS_BODY,"The city panel (top right) shows population, what the city needs, its warehouse and civil defense. Citizens eat timber, iron, copper and oil from the warehouse; a fed, powered city grows, builds workshops (faster production for you) and earns [b]science[/b].\n\nScience unlocks tiers: [b]Frontier[/b] (start), [b]Industrial[/b] at 150, [b]Electric[/b] at 450. Buttons marked T2 or T3 unlock with them. If the city is attacked, civil defense posts and militia fight back and the panel calls for help."
HELP_TRADE_TITLE,Trade
HELP_TRADE_BODY,"In the city panel, pick a faction, choose what you give and what you get, and propose. Each faction has its own prices; the panel shows both, the fair price, and a verdict judged at your prices (good, fair or bad). A deal is bad when it leaves you with under 10 of something.\n\nAccepted goods travel by caravan, which can be raided. Trade agreements repeat a deal; an embargo stops trade with a faction. Factions also send you offers you can accept or refuse."
HELP_COMBAT_TITLE,Combat and defense
HELP_COMBAT_BODY,"Build a vehicle factory for tanks and other ground units, and turrets near what you need to hold. Right-click an enemy to attack it, right-click your own hauler to escort it.\n\nAI factions raid supply lines and far extractors first. Keep a few units near long routes and your far extractors; auto-expanding constructors also prefer deposits your armed units guard."
HELP_AIRCRAFT_TITLE,Aircraft and airports
HELP_AIRCRAFT_BODY,"Helicopters and gunships fly freely. Fixed-wing drones have limited airtime: they must land at an [b]airport[/b] to refuel, circle when idle, and crash when they run dry. Drones can only be built once you have an airport. A unit's tooltip shows its airtime."
AUTO_REASON_HELPER,Building a vehicle factory for the helper's army
HELPER_TITLE,Helper
HELPER_ON,On
HELPER_OFF,Off
HELPER_TOOLTIP,"The helper (H) runs your economy and home guard so you can focus on war and trade: it puts idle constructors on auto-expand, keeps enough constructors, builds army units up to the size you set, scouts the map and keeps constructors away from enemies. It never attacks and never spends below what you keep in the bank."
HELPER_STATUS_OFF,"Off. Switch it on to let it run the economy, build defenders up to your army size, scout and keep constructors out of danger. It never attacks."
HELPER_STATUS_GUARD,"Guarding constructors: {0} held back or rerouted, {1} enemy units known"
HELPER_STATUS_GUARD_CLEAR,Guarding constructors: no enemies seen nearby
HELPER_STATUS_ECONOMY,Economy: {0} of {1} constructors on auto-expand
HELPER_STATUS_ARMY,"Army: {0} ready, {1} in production, target {2}"
HELPER_STATUS_ARMY_FULL,"Army: {0} ready, target {1} reached"
HELPER_STATUS_ARMY_OFF,"Army: {0} units, not building more (army size 0)"
HELPER_STATUS_ARMY_CAP,"Army: {0} ready, unit cap reached ({1}/{2} slots)"
HELPER_STATUS_ARMY_NO_FACTORY,"Army: {0} of {1}, waiting for a vehicle factory"
HELPER_STATUS_SCOUT,Scouting: {0}% of the map seen
HELPER_STATUS_SCOUT_WAITING,Scouting: waiting for a scout buggy (needs a vehicle factory)
HELPER_STATUS_SCOUT_OFF,Scouting: off
HELPER_KEEP,Keep in bank:
HELPER_KEEP_TOOLTIP,"The helper (and auto-expand while the helper is on) never spends a commodity below this amount."
HELPER_ARMY,Army size:
HELPER_ARMY_TOOLTIP,"The helper keeps this many combat units, not counting its scout. They wait at the factory rally point and only fight back; sending them to attack is up to you."
HELPER_SCOUT,Scout the map
HELPER_SCOUT_TOOLTIP,"Keeps one scout buggy driving to the parts of the map nobody has seen lately. It holds fire and turns back from enemies, and what it sees warns your constructors."
HELPER_ALERT_ON,"Helper on: running the economy, guarding constructors"
HELPER_ALERT_OFF,Helper off: you are in charge again
HELPER_ALERT_RETREAT,Constructor pulled back: {0} enemy units close by (click to look)
HELPER_ALERT_DETOUR,Constructor rerouted around {0} enemy units (click to look)
HELPER_ALERT_HOLD,"Constructor held back: {0} enemy units at its destination. It resumes when the way is clear (click to look)"
HELP_HELPER_TITLE,Helper
HELP_HELPER_BODY,"The helper is an assistant you switch on in the panel at the top left (or press [b]H[/b]). It starts off. While it is on it:\n1. [b]runs the economy:[/b] puts idle constructors on auto-expand and keeps three constructors, orders a freight train when far extractors call for one, and recycles trucks that had nothing to do for a minute,\n2. [b]builds an army:[/b] queues the strongest combat units your bank can spare at your factories, up to the [b]Army size[/b] you set (and asks a constructor for a vehicle factory if you have none). They wait at the factory rally point,\n3. [b]scouts:[/b] keeps one scout buggy visiting the parts of the map nobody has seen lately; it holds fire and turns back from enemies,\n4. [b]guards constructors:[/b] it remembers every enemy your units have seen. A constructor whose path passes near them is rerouted around them; one whose destination is threatened is held back and resumes the order once the way is clear; one that enemies come close to runs to the nearest safe command center. Warnings appear in the panel and the hint bar; click one to look.\n\n[b]It never attacks.[/b] It gives no attack orders, its scout holds fire, and its units only fight back like any idle unit at war. It never starts a war and treats factions under a pact or alliance as friends.\n\n[b]Keep in bank[/b] sets, per commodity, what the helper (and auto-expand while the helper is on) must leave you. Your own orders always win: an order you give a constructor replaces the helper's, and turning auto-expand off on a constructor keeps the helper from turning it back on. Switching the helper off hands everything back."
HELPER_ALERT_BLOCKED,"Constructor held back: {0} enemy units block the way and there is no safe way round. It resumes when the way is clear (click to look)"
GUIDE_STEP_COMMANDS_TITLE,Command your army
GUIDE_STEP_COMMANDS,"Select some units and hold the right mouse button while dragging: they spread out along the line you draw. Or press P and click to patrol, or B to patrol around your base and extractors. F1 > Unit orders lists every order."
HINT_ARMY_ORDERS,"Tip: hold right-click and drag to line these units up. F = fight your way there, P = patrol, B = patrol your base, V = guard, Z = retreat, L/K = fire stance / hold position. Shift queues orders."
HELP_COMMANDS_TITLE,Unit orders and formations
HELP_COMMANDS_BODY,"[b]Line up:[/b] with units selected, hold the right mouse button and drag. Rings show where each unit will stand; let go and they spread out evenly along the line. A short line makes several rows, on the side the units come from. A plain right-click still moves or attacks.\n[b]Queue:[/b] hold Shift while giving orders to add them after the current ones. Lines on the ground under selected units show their orders: green move, red fight, blue patrol, yellow guard.\n\nThe buttons under a selection (and their keys):\n[b]Fight (F):[/b] click a spot; the units go there and fight whatever they meet on the way, then carry on. Drag with the left button to fight into a line.\n[b]Patrol (P):[/b] click a spot to patrol between there and here. Shift-click adds more patrol points; the units loop through them and fight what they find.\n[b]Patrol base (B):[/b] the units loop around your city and out past every extractor and outlying building, spread along the loop.\n[b]Guard (V):[/b] click one of your units or buildings; the guards stay with it and fight enemies that come near.\n[b]Retreat (Z):[/b] back to the nearest command center without stopping to fight.\n[b]Stop (X):[/b] drop all orders.\n[b]Fire stance (L):[/b] fire at will, return fire (only shoot back at whoever hits them) or hold fire.\n[b]Hold position (K):[/b] idle units shoot what is in range but never chase.\n\nControl groups: Ctrl+number saves a selection, the number recalls it. Double-click a unit to select all of its kind on screen.\n\n[b]Changing keys:[/b] put a [keys] section in controls.cfg in the game's user folder, e.g. command_patrol=""O"". The names are command_fight, command_patrol, command_guard, command_patrol_base, command_stop, command_retreat, command_fire_stance and command_hold_position."
COMMAND_FIGHT,Fight
COMMAND_PATROL,Patrol
COMMAND_PATROL_BASE,Patrol base
COMMAND_GUARD,Guard
COMMAND_RETREAT,Retreat
COMMAND_FIRE_STANCE,Fire stance
COMMAND_HOLD_POSITION,Hold position
COMMAND_FIGHT_TOOLTIP,"Fight: click where to go; the units fight whatever they meet on the way. Drag with the left button to fight into a line. Shift queues it."
COMMAND_PATROL_TOOLTIP,"Patrol: click a spot to patrol between there and here; Shift-click adds more patrol points. Patrolling units fight what they find."
COMMAND_PATROL_BASE_TOOLTIP,Patrol base: loop around your city and out past your extractors and outlying buildings.
COMMAND_GUARD_TOOLTIP,Guard: click one of your units or buildings; the guards stay with it and fight enemies that come near.
COMMAND_RETREAT_TOOLTIP,Retreat: drive back to the nearest command center without stopping to fight.
COMMAND_FIRE_STANCE_TOOLTIP,"Fire stance: fire at will, return fire (only shoot back) or hold fire. Click to switch."
COMMAND_HOLD_POSITION_TOOLTIP,"Hold position: idle units shoot what is in range but never chase it. Click to switch."
COMMAND_FIRE_STANCE_SHORT_AT_WILL,Fire at will
COMMAND_FIRE_STANCE_SHORT_RETURN,Return fire
COMMAND_FIRE_STANCE_SHORT_HOLD,Hold fire
COMMAND_HOLD_SHORT_ON,Holding
COMMAND_HOLD_SHORT_OFF,Free to chase
COMMAND_FIRE_STANCE_AT_WILL,Fire stance: fire at will
COMMAND_FIRE_STANCE_RETURN,Fire stance: return fire
COMMAND_FIRE_STANCE_HOLD,Fire stance: hold fire
COMMAND_HOLD_ON,Hold position: on
COMMAND_HOLD_OFF,Hold position: off
COMMAND_PROMPT_FIGHT,"Fight: click where to go, or drag a line (Shift: queue, right-click: cancel)"
COMMAND_PROMPT_PATROL,"Patrol: click a patrol point (Shift-click for more, right-click: cancel)"
COMMAND_PROMPT_GUARD,"Guard: click one of your units or buildings (right-click: cancel)"
ALERT_UNIT_CAP,Unit cap reached ({0}/{1} slots). Factories take new orders again when you lose units.
ALERT_RESOURCES_DEPLETED,The last deposit on the map ran dry. The match ends in {0} minutes; the best score wins.
ALERT_CITY_FULL,Your city is full ({0} citizens). Reaching {1} raises the cap to {2}.
ALERT_CITY_FULL_LAST,Your city reached its largest size ({0} citizens).
HELP_LIMITS_TITLE,Limits and match end
HELP_LIMITS_BODY,"Matches have caps so nobody can build up forever.\n\n[b]Unit cap.[/b] Every unit takes unit slots: constructors, haulers, scouts, raiders and drones 1, tanks and missile trucks 2, artillery and helicopters 3, heavy tanks and gunships 4, battle tanks 5. Militia and trade caravans are free. The top bar shows [b]Units used/cap[/b]. Units in a factory queue count as soon as they are ordered. At the cap, factories refuse new orders (yours, the helper's and the AI's alike) until you lose units. Your cap is 150 slots, but all players share a match cap of 400, so in a 4-player match everyone gets 100.\n\n[b]City population cap.[/b] Each tier has a largest city size: Frontier 60, Industrial 100, Electric 130 citizens. The city panel shows [b][max N][/b]; when it is full it stops growing and building houses until the next tier.\n\n[b]Match end.[/b] The clock in the top bar counts down 45 minutes. When the last resource deposit on the map runs dry, a 5-minute countdown starts instead if that is sooner. When time runs out the best score wins (equal scores are a draw). Score = citizens + unit slots in use + 5 per finished building + science / 10; hover the clock to see yours. Destroying every enemy still wins at once.\n\nModders and map makers change these numbers in data/caps.json (a map can override them) and data/tiers.json."
ALERT_SURPLUS_TRUCKS,You have {0} more trucks than there is work for. Recycle them in the city panel for 75% of their cost.
ALERT_ROUTE_RAIDED,A truck was destroyed: trucks avoid that route for {0} s. Send an escort or clear the raiders.
HINT_EXTRACTORS_FULL,"Some extractors are full and have stopped. Build more trucks, a storage next to them, or a train (F1: Delivery jobs)."
AUTO_REASON_STORAGE,Building a storage next to {0} extractors
HELP_DELIVERY_JOBS_TITLE,Delivery jobs and recycling
HELP_DELIVERY_JOBS_BODY,"Your trucks share one [b]job board[/b]. Twice a second every free truck is matched to the job worth the most per second of driving: materials for a remote site come first, then goods waiting at extractors and storages. A job is worth more when the goods are valuable, when the extractor is full and standing still, when your city is short of that commodity, and when you set the building's [b]Priority[/b] to high (select it, Priority button). Routes where a truck was destroyed are avoided for a while.

A truck with no job does not sit at the depot: it [b]stands by[/b] next to the extractor that will have a load ready soonest. Only when nothing anywhere will fill up does it [b]park[/b] at the depot. The city panel counts working, standing-by and parked trucks and says how many trucks your extractors keep busy.

Every truck costs a little oil [b]upkeep[/b] per minute, working or not. When some trucks had nothing to do for a whole minute, the city panel offers to [b]recycle[/b] them: they drive to the depot and you get [b]75%[/b] of their cost back. Select trucks or a train and use Recycle to do it by hand."
HELP_STORAGE_TITLE,Storage yards
HELP_STORAGE_BODY,"A [b]storage[/b] (built by constructors) holds up to 120 goods of one commodity. Every extractor of that commodity within about 12 m feeds it by [b]conveyor[/b] (dashed lines on the minimap), so the extractor never stops even when no truck comes for a while. Trucks collect from a storage only in loads of 8 or more, and trains love them: one stop, a full load.

Select a storage to pick the commodity it keeps (Auto takes whatever arrives first until it is empty) and its priority. A storage is worth it for clusters of two or more extractors far from the depot. Auto-expanding constructors build one there on their own. Destroying a storage spills its goods and the attacker keeps part of them."
HELP_TRAINS_TITLE,Freight trains
HELP_TRAINS_BODY,"A [b]freight train[/b] (command center, needs Industrial) costs more than a truck but carries 40 goods, four truckloads, and runs twice as fast. It runs a [b]loop[/b]: depot, then up to three extractors or storages, and back.

It needs track. The first time it runs a leg it [b]lays rail[/b] as it goes, slowly, paying 3 iron and 1 timber per 10 m from your stock; it waits when you run out. Once a leg is built every train runs it at full speed.

A new train picks its own line: the busiest far extractors and storages no other train serves. Right-click your extractors or storages with the train selected to add or remove stops, and right-click a command center to move its depot; the Auto line button hands the planning back. Trucks leave the stops of a train alone unless they overflow.

When to use what: trucks are cheap and flexible for scattered extractors close to home; a storage plus a train is best for a far cluster. A train is a big target, so guard its line. Trains cost 0.5 oil/min upkeep and can be recycled like trucks."
